{"X moon":{"0":2.0044239623,"1":-1.0011658733,"2":-0.0065732907,"3":0.9880191033,"4":0.9941877849},"Y moon":{"0":0.4951116099,"1":-0.0008373853,"2":0.5046768689,"3":-0.5098371367,"4":0.0060525149},"Class moon":{"0":1,"1":0,"2":1,"3":1,"4":0},"X circles":{"0":-0.9988009503,"1":0.794221516,"2":-0.3944744411,"3":-0.4012075031,"4":1.0009450388},"Y circles":{"0":-0.0107378909,"1":0.0004271299,"2":0.7093896338,"3":-0.6980639825,"4":-0.0194402711},"Class circles":{"0":0,"1":1,"2":1,"3":1,"4":0},"X circle":{"0":0.5937278228,"1":-0.4467547704,"2":-0.6352207629,"3":-0.368304253,"4":-0.9187116015},"Y circle":{"0":0.4731794086,"1":0.0966539328,"2":-0.7199162943,"3":-0.9233910033,"4":0.6301734664},"Class circle":{"0":1,"1":1,"2":0,"3":0,"4":0},"X nonconvex":{"0":0.2933806285,"1":-0.3528546156,"2":-0.2483762915,"3":0.0817637568,"4":-0.3246187032},"Y nonconvex":{"0":0.5372536984,"1":0.0971222352,"2":0.1905114827,"3":-0.4847861035,"4":0.0917344437},"Class nonconvex":{"0":0,"1":1,"2":1,"3":0,"4":1},"X squares":{"0":0.7258467526,"1":-0.4213745293,"2":-0.9730462975,"3":-0.7953530676,"4":0.8651954345},"Y squares":{"0":-0.1671751479,"1":-0.1643122502,"2":0.1296023073,"3":-0.2315445753,"4":-0.9008735957},"Class squares":{"0":1,"1":0,"2":1,"3":0,"4":1},"X wavylines1":{"0":-0.1069285915,"1":0.3676222196,"2":-0.4716973074,"3":-0.9841843359,"4":-0.3868229642},"Y wavylines1":{"0":-0.5504828553,"1":0.1423296913,"2":-0.5706919376,"3":0.5707245697,"4":0.6360820471},"Class wavylines1":{"0":0,"1":0,"2":0,"3":0,"4":1},"X crown":{"0":-0.5427612078,"1":-0.3063348013,"2":-0.7844448725,"3":-0.1406768476,"4":0.5495903933},"Y crown":{"0":-0.7213741867,"1":-0.2055179645,"2":-0.5798184521,"3":-0.9244265271,"4":-0.1586177114},"Class crown":{"0":0,"1":0,"2":0,"3":0,"4":1}}